Date,Sales,Profit,Event,Day,Festival,Weather
2565/11/05,6552.0,1266.0,Holiday,Saturday,Normal Day,Mostly Sunny
2565/11/06,10562.0,2084.0,Holiday,Sunday,Normal Day,Mostly Cloudy
2565/11/07,14690.0,2833.0,Normal Day,Monday,Normal Day,Mostly Sunny
2565/11/08,14277.0,2969.0,Normal Day,Tuesday,Normal Day,Mostly Sunny
2565/11/09,8160.0,1631.0,Normal Day,Wednesday,Normal Day,Mostly Sunny
2565/11/10,5881.0,1290.0,Normal Day,Thursday,Normal Day,Mostly Sunny
2565/11/11,8310.0,1780.0,Normal Day,Friday,Normal Day,Mostly Sunny
2565/11/12,10366.0,2060.0,Holiday,Saturday,Normal Day,Mostly Sunny
2565/11/13,10562.0,2084.0,Holiday,Sunday,Normal Day,Mostly Sunny
2565/11/14,4854.0,1110.0,Normal Day,Monday,Normal Day,Partly Clooudy
2565/11/15,8518.0,1799.0,Holiday,Tuesday,End of Buddhist Lent,Mostly Sunny
2565/11/16,4587.0,809.0,Normal Day,Wednesday,Normal Day,Partly Clooudy
2565/11/17,9639.0,1899.0,Normal Day,Thursday,Normal Day,Mostly Sunny
2565/11/18,9045.0,1850.0,Normal Day,Friday,Normal Day,Mostly Sunny
2565/11/19,11350.0,2240.0,Holiday,Saturday,Normal Day,Partly Clooudy
2565/11/20,10562.0,2084.0,Holiday,Sunday,Normal Day,Mostly Sunny
2565/11/21,8197.0,1590.0,Normal Day,Monday,Normal Day,Mostly Sunny
2565/11/22,7541.0,1419.0,Normal Day,Tuesday,Normal Day,Mostly Sunny
2565/11/23,10762.0,2062.0,Normal Day,Wednesday,Normal Day,Partly Clooudy
2565/11/24,2088.0,412.0,Normal Day,Thursday,Normal Day,Partly Clooudy
2565/11/25,8306.0,1393.0,Normal Day,Friday,Normal Day,Partly Clooudy
2565/11/26,5025.0,1012.0,Holiday,Saturday,Normal Day,Partly Clooudy
2565/11/27,10562.0,2084.0,Holiday,Sunday,Normal Day,Partly Clooudy
2565/11/28,10233.0,1882.0,Normal Day,Monday,Normal Day,Mostly Sunny
2565/11/29,4003.0,729.0,Normal Day,Tuesday,Normal Day,Mostly Sunny
2565/11/30,10766.0,2092.0,Normal Day,Wednesday,Normal Day,Partly Clooudy
2565/12/01,11775.0,2208.0,Normal Day,Thursday,Normal Day,Mostly Sunny
2565/12/02,9852.0,1957.0,Normal Day,Friday,Normal Day,Mostly Sunny
2565/12/03,13751.0,2560.0,Holiday,Saturday,Normal Day,Mostly Sunny
2565/12/04,10562.0,2084.0,Holiday,Sunday,Normal Day,Mostly Sunny
2565/12/05,6764.0,1165.0,Holiday,Monday,Father's Day,Mostly Sunny
2565/12/06,8155.0,1731.0,Normal Day,Tuesday,Normal Day,Mostly Sunny
2565/12/07,6890.0,1384.0,Normal Day,Wednesday,Normal Day,Mostly Sunny
2565/12/08,7963.0,1454.0,Normal Day,Thursday,Normal Day,Mostly Sunny
2565/12/09,6058.0,1396.0,Normal Day,Friday,Normal Day,Mostly Sunny
2565/12/10,10112.0,1841.0,Holiday,Saturday,Constitution Day,Mostly Sunny
2565/12/11,11051.0,2077.0,Holiday,Sunday,Normal Day,Mostly Sunny
2565/12/12,10562.0,2084.0,Normal Day,Monday,Normal Day,Mostly Sunny
2565/12/13,12825.0,2213.0,Normal Day,Tuesday,Normal Day,Mostly Sunny
2565/12/14,7969.0,1706.0,Normal Day,Wednesday,Normal Day,Mostly Sunny
2565/12/15,10451.0,2079.0,Holiday,Thursday,Loy Krathong,Mostly Sunny
2565/12/16,8243.0,1781.0,Normal Day,Friday,Normal Day,Mostly Sunny
2565/12/17,7841.0,1323.0,Holiday,Saturday,Normal Day,Mostly Sunny
2565/12/18,10562.0,2084.0,Holiday,Sunday,Normal Day,Mostly Sunny
2565/12/19,15047.0,2962.0,Normal Day,Monday,Normal Day,Mostly Sunny
2565/12/20,15474.0,3037.0,Normal Day,Tuesday,Normal Day,Mostly Sunny
2565/12/21,11886.0,2199.0,Normal Day,Wednesday,Normal Day,Mostly Sunny
2565/12/22,10652.0,1856.0,Normal Day,Thursday,Normal Day,Mostly Sunny
2565/12/23,11059.0,1900.0,Normal Day,Friday,Normal Day,Mostly Sunny
2565/12/24,10562.0,2084.0,Holiday,Saturday,Normal Day,Mostly Sunny
2565/12/25,10562.0,2084.0,Holiday,Sunday,Normal Day,Mostly Sunny
2565/12/26,12763.0,2271.0,Normal Day,Monday,Normal Day,Mostly Sunny
2565/12/27,8042.0,1549.0,Normal Day,Tuesday,Normal Day,Mostly Sunny
2565/12/28,16415.0,3082.0,Normal Day,Wednesday,Normal Day,Mostly Sunny
2565/12/29,9713.0,1908.0,Normal Day,Thursday,Normal Day,Mostly Sunny
2565/12/30,10562.0,2084.0,Normal Day,Friday,Normal Day,Mostly Sunny
2565/12/31,10562.0,2084.0,Holiday,Saturday,Normal Day,Mostly Sunny
2566/01/01,10562.0,2084.0,Holiday,Sunday,New Year's Day,Mostly Sunny
2566/01/02,10562.0,2084.0,Normal Day,Monday,Normal Day,Mostly Sunny
2566/01/03,10757.0,2237.0,Normal Day,Tuesday,Normal Day,Partly Clooudy
2566/01/04,13498.0,2638.0,Normal Day,Wednesday,Normal Day,Mostly Sunny
2566/01/05,12138.0,1663.0,Normal Day,Thursday,Normal Day,Mostly Sunny
2566/01/06,9940.0,2025.0,Normal Day,Friday,Normal Day,Mostly Sunny
2566/01/07,10562.0,2084.0,Holiday,Saturday,Normal Day,Mostly Sunny
2566/01/08,10562.0,2084.0,Holiday,Sunday,Normal Day,Mostly Cloudy
2566/01/09,15135.0,3071.0,Normal Day,Monday,Normal Day,Partly Clooudy
2566/01/10,7331.0,1570.0,Normal Day,Tuesday,Normal Day,Mostly Cloudy
2566/01/11,12689.0,2424.0,Normal Day,Wednesday,Normal Day,Mostly Sunny
2566/01/12,12785.0,2610.0,Normal Day,Thursday,Normal Day,Mostly Sunny
2566/01/13,11122.0,2076.0,Normal Day,Friday,Normal Day,Partly Clooudy
2566/01/14,10562.0,2084.0,Holiday,Saturday,Normal Day,Mostly Sunny
2566/01/15,10562.0,2084.0,Holiday,Sunday,Normal Day,Mostly Sunny
2566/01/16,13045.0,2528.0,Normal Day,Monday,Normal Day,Mostly Sunny
2566/01/17,9357.0,1781.0,Normal Day,Tuesday,Normal Day,Mostly Sunny
2566/01/18,7042.0,1464.0,Normal Day,Wednesday,Normal Day,Mostly Sunny
2566/01/19,10621.0,1999.0,Normal Day,Thursday,Normal Day,Mostly Sunny
2566/01/20,7471.0,1442.0,Normal Day,Friday,Normal Day,Mostly Sunny
2566/01/21,4510.0,896.0,Holiday,Saturday,Normal Day,Mostly Sunny
2566/01/22,10562.0,2084.0,Holiday,Sunday,Normal Day,Mostly Sunny
2566/01/23,10455.0,2088.0,Normal Day,Monday,Normal Day,Mostly Sunny
2566/01/24,13915.0,2831.0,Normal Day,Tuesday,Normal Day,Mostly Sunny
2566/01/25,8854.0,1744.0,Normal Day,Wednesday,Normal Day,Mostly Sunny
2566/01/26,5419.0,1023.0,Normal Day,Thursday,Normal Day,Mostly Sunny
2566/01/27,5291.0,1160.0,Normal Day,Friday,Normal Day,Mostly Sunny
2566/01/28,7869.0,1639.0,Holiday,Saturday,Normal Day,Mostly Sunny
2566/01/29,10562.0,2084.0,Holiday,Sunday,Normal Day,Mostly Sunny
2566/01/30,11567.0,2297.0,Normal Day,Monday,Normal Day,Mostly Sunny
2566/01/31,10955.0,2350.0,Normal Day,Tuesday,Normal Day,Mostly Sunny
2566/02/01,10156.0,1253.0,Normal Day,Wednesday,Normal Day,Mostly Sunny
2566/02/02,11008.0,2349.0,Normal Day,Thursday,Normal Day,Mostly Sunny
2566/02/03,9939.0,2179.0,Normal Day,Friday,Normal Day,Mostly Sunny
2566/02/04,8453.0,1588.0,Holiday,Saturday,Normal Day,Mostly Sunny
2566/02/05,10562.0,2084.0,Holiday,Sunday,Normal Day,Mostly Sunny
2566/02/06,12451.0,2471.0,Normal Day,Monday,Normal Day,Mostly Sunny
2566/02/07,9875.0,1596.0,Normal Day,Tuesday,Normal Day,Mostly Sunny
2566/02/08,10323.0,1931.0,Normal Day,Wednesday,Normal Day,Mostly Sunny
2566/02/09,9296.0,2037.0,Normal Day,Thursday,Normal Day,Mostly Sunny
2566/02/10,9615.0,1866.0,Normal Day,Friday,Normal Day,Mostly Sunny
2566/02/11,10435.0,2176.0,Holiday,Saturday,Normal Day,Mostly Sunny
2566/02/12,10562.0,2084.0,Holiday,Sunday,Normal Day,Mostly Sunny
2566/02/13,13567.0,2674.0,Normal Day,Monday,Normal Day,Mostly Sunny
2566/02/14,13429.0,2470.0,Normal Day,Tuesday,Normal Day,Mostly Sunny
2566/02/15,7625.0,1536.0,Normal Day,Wednesday,Normal Day,Scattered Showe
2566/02/16,8011.0,1587.0,Normal Day,Thursday,Normal Day,Mostly Sunny
2566/02/17,6429.0,1378.0,Normal Day,Friday,Normal Day,Mostly Sunny
2566/02/18,10562.0,2084.0,Holiday,Saturday,Normal Day,Mostly Sunny
2566/02/19,10562.0,2084.0,Holiday,Sunday,Normal Day,Mostly Sunny
2566/02/20,11217.0,1910.0,Normal Day,Monday,Normal Day,Mostly Sunny
2566/02/21,13095.0,2478.0,Normal Day,Tuesday,Normal Day,Mostly Sunny
2566/02/22,9085.0,1743.0,Normal Day,Wednesday,Normal Day,Mostly Sunny
2566/02/23,9757.0,1662.0,Normal Day,Thursday,Normal Day,Mostly Sunny
2566/02/24,14053.0,2892.0,Normal Day,Friday,Normal Day,Mostly Sunny
2566/02/25,8798.0,2051.0,Holiday,Saturday,Normal Day,Mostly Sunny
2566/02/26,10562.0,2084.0,Holiday,Sunday,Normal Day,Mostly Sunny
2566/02/27,8385.0,1659.0,Normal Day,Monday,Normal Day,Mostly Sunny
2566/02/28,11642.0,2292.0,Normal Day,Tuesday,Normal Day,Mostly Sunny
2566/03/01,10935.0,2215.0,Normal Day,Wednesday,Normal Day,Mostly Sunny
2566/03/02,10696.0,2487.0,Normal Day,Thursday,Normal Day,Mostly Sunny
2566/03/03,12461.0,2490.0,Normal Day,Friday,Normal Day,Mostly Sunny
2566/03/04,6582.0,1440.0,Holiday,Saturday,Normal Day,Mostly Sunny
2566/03/05,10562.0,2084.0,Holiday,Sunday,Normal Day,Mostly Sunny
2566/03/06,8810.0,1811.0,Normal Day,Monday,Normal Day,Mostly Sunny
2566/03/07,10904.0,2264.0,Normal Day,Tuesday,Normal Day,Mostly Sunny
2566/03/08,10703.0,2242.0,Normal Day,Wednesday,Normal Day,Mostly Sunny
2566/03/09,8752.0,2097.0,Normal Day,Thursday,Normal Day,Mostly Sunny
2566/03/10,11961.0,2557.0,Normal Day,Friday,Normal Day,Mostly Sunny
2566/03/11,6735.0,1423.0,Holiday,Saturday,Normal Day,Mostly Sunny
2566/03/12,10562.0,2084.0,Holiday,Sunday,Normal Day,Mostly Sunny
2566/03/13,9114.0,1951.0,Normal Day,Monday,Normal Day,Mostly Sunny
2566/03/14,8997.0,2117.0,Normal Day,Tuesday,Normal Day,Mostly Sunny
2566/03/15,7459.0,1549.0,Holiday,Wednesday,Makha Bucha,Mostly Sunny
2566/03/16,10287.0,2166.0,Normal Day,Thursday,Normal Day,Mostly Sunny
2566/03/17,9290.0,2001.0,Normal Day,Friday,Normal Day,Partly Clooudy
2566/03/18,10562.0,2084.0,Holiday,Saturday,Normal Day,Partly Clooudy
2566/03/19,4599.0,949.0,Holiday,Sunday,Normal Day,Mostly Sunny
2566/03/20,11684.0,2517.0,Normal Day,Monday,Normal Day,Mostly Sunny
2566/03/21,10562.0,2084.0,Normal Day,Tuesday,Normal Day,Mostly Sunny
2566/03/22,12619.0,2638.0,Normal Day,Wednesday,Normal Day,Mostly Sunny
2566/03/23,8950.0,1799.0,Normal Day,Thursday,Normal Day,Mostly Sunny
2566/03/24,9345.0,1864.0,Normal Day,Friday,Normal Day,Mostly Sunny
2566/03/25,13479.0,1355.0,Holiday,Saturday,Normal Day,Partly Clooudy
2566/03/26,10562.0,2084.0,Holiday,Sunday,Normal Day,Mostly Sunny
2566/03/27,8462.0,1769.0,Normal Day,Monday,Normal Day,Mostly Sunny
2566/03/28,11134.0,1851.0,Normal Day,Tuesday,Normal Day,Mostly Sunny
2566/03/29,9973.0,1982.0,Normal Day,Wednesday,Normal Day,Mostly Sunny
2566/03/30,10263.0,2139.0,Normal Day,Thursday,Normal Day,Mostly Sunny
2566/03/31,10630.0,2318.0,Normal Day,Friday,Normal Day,Mostly Sunny
2566/04/01,11312.0,2067.0,Holiday,Saturday,Close of Semester,Mostly Sunny
2566/04/02,10562.0,2084.0,Holiday,Sunday,Normal Day,Partly Clooudy
2566/04/03,16490.0,3115.0,Normal Day,Monday,Normal Day,Mostly Sunny
2566/04/04,16272.0,3154.0,Normal Day,Tuesday,Normal Day,Mostly Sunny
2566/04/05,13603.0,2729.0,Normal Day,Wednesday,Normal Day,Mostly Sunny
2566/04/06,7654.0,1506.0,Normal Day,Thursday,Normal Day,Mostly Sunny
2566/04/07,10562.0,2084.0,Normal Day,Friday,Normal Day,Mostly Sunny
2566/04/08,10562.0,2084.0,Holiday,Saturday,Normal Day,Mostly Sunny
2566/04/09,10562.0,2084.0,Holiday,Sunday,Normal Day,Mostly Sunny
2566/04/10,16677.0,3648.0,Normal Day,Monday,Normal Day,Mostly Sunny
2566/04/11,11107.0,2304.0,Normal Day,Tuesday,Normal Day,Mostly Sunny
2566/04/12,9927.0,2001.0,Normal Day,Wednesday,Normal Day,Partly Clooudy
2566/04/13,7257.0,1500.0,Holiday,Thursday,Songkran,Mostly Sunny
2566/04/14,8842.0,1370.0,Holiday,Friday,Songkran,Mostly Sunny
2566/04/15,10562.0,2084.0,Holiday,Saturday,Songkran,Mostly Sunny
2566/04/16,10562.0,2084.0,Holiday,Sunday,Normal Day,Partly Clooudy
2566/04/17,8749.0,1601.0,Normal Day,Monday,Normal Day,Mostly Sunny
2566/04/18,16515.0,3128.0,Normal Day,Tuesday,Normal Day,Partly Clooudy
2566/04/19,12595.0,2550.0,Normal Day,Wednesday,Normal Day,Mostly Sunny
2566/04/20,9387.0,1768.0,Normal Day,Thursday,Normal Day,Mostly Sunny
2566/04/21,8855.0,1715.0,Normal Day,Friday,Normal Day,Mostly Sunny
2566/04/22,6193.0,1284.0,Holiday,Saturday,Normal Day,Mostly Sunny
2566/04/23,10562.0,2084.0,Holiday,Sunday,Normal Day,Mostly Sunny
2566/04/24,17795.0,3711.0,Normal Day,Monday,Normal Day,Mostly Sunny
2566/04/25,9421.0,2007.0,Normal Day,Tuesday,Normal Day,Mostly Sunny
2566/04/26,11222.0,2259.0,Normal Day,Wednesday,Normal Day,Partly Clooudy
2566/04/27,11641.0,2176.0,Normal Day,Thursday,Normal Day,Mostly Sunny
2566/04/28,14596.0,2742.0,Normal Day,Friday,Normal Day,Mostly Sunny
2566/04/29,17509.0,3369.0,Holiday,Saturday,Normal Day,Partly Clooudy
2566/04/30,10562.0,2084.0,Holiday,Sunday,Normal Day,Mostly Sunny
2566/05/01,12563.0,2296.0,Normal Day,Monday,Normal Day,Mostly Sunny
2566/05/02,23691.0,4292.0,Normal Day,Tuesday,Normal Day,Mostly Sunny
2566/05/03,22840.0,4112.0,Normal Day,Wednesday,Normal Day,Mostly Sunny
2566/05/04,17516.0,2972.0,Normal Day,Thursday,Normal Day,Mostly Sunny
2566/05/05,19074.0,3421.0,Normal Day,Friday,Normal Day,Mostly Sunny
2566/05/06,17992.0,3288.0,Holiday,Saturday,Normal Day,Mostly Sunny
2566/05/07,9147.0,1638.0,Holiday,Sunday,Normal Day,Mostly Sunny
2566/05/08,26166.0,4550.0,Normal Day,Monday,Normal Day,Partly Clooudy
2566/05/09,23732.0,4143.0,Normal Day,Tuesday,Normal Day,Mostly Sunny
2566/05/10,12515.0,4047.0,Normal Day,Wednesday,Normal Day,Partly Clooudy
2566/05/11,34140.0,5765.0,Normal Day,Thursday,Normal Day,Mostly Sunny
2566/05/12,30331.0,7503.0,Normal Day,Friday,Normal Day,Mostly Sunny
2566/05/13,30095.0,5408.0,Holiday,Saturday,Normal Day,Mostly Sunny
2566/05/14,37997.0,5740.0,Holiday,Sunday,Normal Day,Mostly Sunny
2566/05/15,55488.0,9081.0,Normal Day,Monday,EndClose of Semester,Mostly Sunny
2566/05/16,21394.0,4379.0,Normal Day,Tuesday,Start of Semester1,Mostly Sunny
2566/05/17,17291.0,3192.0,Normal Day,Wednesday,Normal Day,Mostly Sunny
2566/05/18,12952.0,2439.0,Normal Day,Thursday,Normal Day,Mostly Sunny
2566/05/19,14503.0,2714.0,Normal Day,Friday,Normal Day,Mostly Sunny
2566/05/20,12724.0,2424.0,Holiday,Saturday,Normal Day,Mostly Sunny
2566/05/21,10562.0,2084.0,Holiday,Sunday,Normal Day,Mostly Sunny
2566/05/22,13208.0,2641.0,Normal Day,Monday,Normal Day,Mostly Sunny
2566/05/23,12798.0,2547.0,Normal Day,Tuesday,Normal Day,Mostly Sunny
2566/05/24,10408.0,1935.0,Normal Day,Wednesday,Normal Day,Mostly Sunny
2566/05/25,13382.0,2475.0,Normal Day,Thursday,Normal Day,Mostly Sunny
2566/05/26,7753.0,1524.0,Normal Day,Friday,Normal Day,Mostly Sunny
2566/05/27,4712.0,840.0,Holiday,Saturday,Normal Day,Mostly Sunny
2566/05/28,10562.0,2084.0,Holiday,Sunday,Normal Day,Mostly Sunny
2566/05/29,19963.0,2325.0,Normal Day,Monday,Normal Day,Partly Clooudy
2566/05/30,19260.0,1874.0,Normal Day,Tuesday,Normal Day,Mostly Sunny
2566/05/31,8822.0,1862.0,Normal Day,Wednesday,Normal Day,Mostly Sunny
2566/06/01,8244.0,1574.0,Normal Day,Thursday,Normal Day,Mostly Sunny
2566/06/02,5911.0,1243.0,Normal Day,Friday,Normal Day,Mostly Sunny
2566/06/03,10562.0,2084.0,Holiday,Saturday,Normal Day,Mostly Sunny
2566/06/04,10562.0,2084.0,Holiday,Sunday,Normal Day,Mostly Sunny
2566/06/05,9541.0,1923.0,Normal Day,Monday,Normal Day,Mostly Sunny
2566/06/06,12752.0,2606.0,Normal Day,Tuesday,Normal Day,Partly Clooudy
2566/06/07,10334.0,1894.0,Normal Day,Wednesday,Normal Day,Partly Clooudy
2566/06/08,8525.0,1816.0,Normal Day,Thursday,Normal Day,Partly Clooudy
2566/06/09,7860.0,1525.0,Normal Day,Friday,Normal Day,Partly Clooudy
2566/06/10,3686.0,769.0,Holiday,Saturday,Normal Day,Partly Clooudy
2566/06/11,10562.0,2084.0,Holiday,Sunday,Normal Day,Mostly Sunny
2566/06/12,15319.0,2880.0,Normal Day,Monday,Normal Day,Mostly Sunny
2566/06/13,10912.0,2135.0,Normal Day,Tuesday,Normal Day,Mostly Sunny
2566/06/14,13332.0,2884.0,Normal Day,Wednesday,Normal Day,Partly Clooudy
2566/06/15,9449.0,1750.0,Holiday,Thursday,Visakha Bucha,Mostly Sunny
2566/06/16,10562.0,2084.0,Normal Day,Friday,Normal Day,Mostly Sunny
2566/06/17,10562.0,2084.0,Holiday,Saturday,Normal Day,Mostly Sunny
2566/06/18,10562.0,2084.0,Holiday,Sunday,Normal Day,Mostly Cloudy
2566/06/19,14296.0,2717.0,Normal Day,Monday,Normal Day,Mostly Sunny
2566/06/20,9492.0,1456.0,Normal Day,Tuesday,Normal Day,Mostly Sunny
2566/06/21,9411.0,1860.0,Normal Day,Wednesday,Normal Day,Mostly Sunny
2566/06/22,8138.0,1607.0,Normal Day,Thursday,Normal Day,Mostly Sunny
2566/06/23,7315.0,1492.0,Normal Day,Friday,Normal Day,Mostly Sunny
2566/06/24,10562.0,2084.0,Holiday,Saturday,Normal Day,Mostly Sunny
2566/06/25,10562.0,2084.0,Holiday,Sunday,Normal Day,Mostly Sunny
2566/06/26,10040.0,1949.0,Normal Day,Monday,Normal Day,Mostly Sunny
2566/06/27,8697.0,1732.0,Normal Day,Tuesday,Normal Day,Mostly Sunny
2566/06/28,9052.0,1736.0,Normal Day,Wednesday,Normal Day,Mostly Sunny
2566/06/29,8186.0,1599.0,Normal Day,Thursday,Normal Day,Mostly Sunny
2566/06/30,7238.0,1563.0,Normal Day,Friday,Normal Day,Mostly Sunny
2566/07/01,7805.0,1677.0,Holiday,Saturday,Normal Day,Mostly Sunny
2566/07/02,10562.0,2084.0,Holiday,Sunday,Normal Day,Partly Clooudy
2566/07/03,9136.0,1809.0,Normal Day,Monday,Normal Day,Mostly Sunny
2566/07/04,12823.0,2509.0,Normal Day,Tuesday,Normal Day,Mostly Sunny
2566/07/05,14601.0,2898.0,Normal Day,Wednesday,Normal Day,Mostly Sunny
2566/07/06,12057.0,2697.0,Normal Day,Thursday,Normal Day,Mostly Sunny
2566/07/07,10202.0,1886.0,Normal Day,Friday,Normal Day,Mostly Sunny
2566/07/08,10562.0,2084.0,Holiday,Saturday,Normal Day,Partly Clooudy
2566/07/09,10562.0,2084.0,Holiday,Sunday,Normal Day,Partly Clooudy
2566/07/10,11744.0,2510.0,Normal Day,Monday,Normal Day,Partly Clooudy
2566/07/11,10234.0,2137.0,Normal Day,Tuesday,Normal Day,Mostly Sunny
2566/07/12,10230.0,2059.0,Normal Day,Wednesday,Normal Day,Mostly Sunny
2566/07/13,7617.0,1657.0,Normal Day,Thursday,Normal Day,Mostly Sunny
2566/07/14,6818.0,1541.0,Normal Day,Friday,Normal Day,Mostly Sunny
2566/07/15,10562.0,2084.0,Holiday,Saturday,Normal Day,Mostly Sunny
2566/07/16,10562.0,2084.0,Holiday,Sunday,Normal Day,Partly Clooudy
2566/07/17,12423.0,2547.0,Normal Day,Monday,Normal Day,Mostly Sunny
2566/07/18,9423.0,1903.0,Normal Day,Tuesday,Normal Day,Mostly Sunny
2566/07/19,7869.0,1577.0,Normal Day,Wednesday,Normal Day,Mostly Cloudy
2566/07/20,9041.0,1885.0,Normal Day,Thursday,Normal Day,Mostly Sunny
2566/07/21,7752.0,1755.0,Normal Day,Friday,Normal Day,Mostly Sunny
2566/07/22,10562.0,2084.0,Holiday,Saturday,Normal Day,Partly Clooudy
2566/07/23,10562.0,2084.0,Holiday,Sunday,Normal Day,Scattered Showe
2566/07/24,10822.0,2256.0,Normal Day,Monday,Normal Day,Mostly Sunny
2566/07/25,11398.0,2119.0,Normal Day,Tuesday,Normal Day,Partly Clooudy
2566/07/26,6689.0,1351.0,Normal Day,Wednesday,Normal Day,Mostly Sunny
2566/07/27,5988.0,1257.0,Normal Day,Thursday,Normal Day,Mostly Sunny
2566/07/28,10085.0,2105.0,Normal Day,Friday,Normal Day,Mostly Sunny
2566/07/29,5163.0,1109.0,Holiday,Saturday,Normal Day,Partly Clooudy
2566/07/30,10562.0,2084.0,Holiday,Sunday,Normal Day,Partly Clooudy
2566/07/31,8648.0,1765.0,Normal Day,Monday,Normal Day,Mostly Cloudy
2566/08/01,13319.0,2719.0,Holiday,Tuesday,Buddhist Lent,Mostly Sunny
2566/08/02,7924.0,1586.0,Normal Day,Wednesday,Normal Day,Mostly Cloudy
2566/08/03,12840.0,2724.0,Normal Day,Thursday,Normal Day,Scattered Showe
2566/08/04,10864.0,2017.0,Normal Day,Friday,Normal Day,Mostly Sunny
2566/08/05,12432.0,2417.0,Holiday,Saturday,Normal Day,Partly Clooudy
2566/08/06,10562.0,2084.0,Holiday,Sunday,Normal Day,Mostly Cloudy
2566/08/07,7708.0,1566.0,Normal Day,Monday,Normal Day,Partly Clooudy
2566/08/08,9130.0,2073.0,Normal Day,Tuesday,Normal Day,Mostly Sunny
2566/08/09,2756.0,590.0,Normal Day,Wednesday,Normal Day,Mostly Sunny
2566/08/10,7778.0,1751.0,Normal Day,Thursday,Normal Day,Mostly Sunny
2566/08/11,6642.0,1491.0,Normal Day,Friday,Normal Day,Mostly Sunny
2566/08/12,10562.0,2084.0,Holiday,Saturday,Mother's Day,Mostly Sunny
2566/08/13,10562.0,2084.0,Holiday,Sunday,Normal Day,Mostly Sunny
2566/08/14,7453.0,1739.0,Normal Day,Monday,Normal Day,Mostly Sunny
2566/08/15,12534.0,2539.0,Holiday,Tuesday,Asalha Bucha,Mostly Sunny
2566/08/16,6891.0,1350.0,Normal Day,Wednesday,Normal Day,Partly Clooudy
2566/08/17,9578.0,2143.0,Normal Day,Thursday,Normal Day,Mostly Sunny
2566/08/18,9225.0,1856.0,Normal Day,Friday,Normal Day,Mostly Sunny
2566/08/19,4325.0,570.0,Holiday,Saturday,Normal Day,Mostly Sunny
2566/08/20,10562.0,2084.0,Holiday,Sunday,Normal Day,Mostly Sunny
2566/08/21,12304.0,2472.0,Normal Day,Monday,Normal Day,Mostly Sunny
2566/08/22,10985.0,2334.0,Normal Day,Tuesday,Normal Day,Mostly Sunny
2566/08/23,9561.0,1865.0,Normal Day,Wednesday,Normal Day,Mostly Sunny
2566/08/24,10177.0,2194.0,Normal Day,Thursday,Normal Day,Partly Clooudy
2566/08/25,11774.0,2427.0,Normal Day,Friday,Normal Day,Mostly Sunny
2566/08/26,5057.0,1096.0,Holiday,Saturday,Normal Day,Mostly Sunny
2566/08/27,10562.0,2084.0,Holiday,Sunday,Normal Day,Mostly Sunny
2566/08/28,7473.0,1693.0,Normal Day,Monday,Normal Day,Mostly Sunny
2566/08/29,6694.0,1672.0,Normal Day,Tuesday,Normal Day,Mostly Sunny
2566/08/30,5823.0,1191.0,Normal Day,Wednesday,Normal Day,Mostly Sunny
2566/08/31,11642.0,2056.0,Normal Day,Thursday,Normal Day,Mostly Sunny
2566/09/01,18119.0,1735.0,Normal Day,Friday,Normal Day,Mostly Sunny
2566/09/02,7860.0,1705.0,Holiday,Saturday,Normal Day,Mostly Sunny
2566/09/03,10562.0,2084.0,Holiday,Sunday,Normal Day,Mostly Sunny
2566/09/04,13137.0,2235.0,Normal Day,Monday,Normal Day,Mostly Sunny
2566/09/05,11100.0,2361.0,Normal Day,Tuesday,Normal Day,Partly Clooudy
2566/09/06,9403.0,1845.0,Normal Day,Wednesday,Normal Day,Mostly Sunny
2566/09/07,8923.0,1714.0,Normal Day,Thursday,Normal Day,Partly Clooudy
2566/09/08,5734.0,1145.0,Normal Day,Friday,Normal Day,Scattered Showe
2566/09/09,4991.0,1045.0,Holiday,Saturday,Normal Day,Mostly Sunny
2566/09/10,10562.0,2084.0,Holiday,Sunday,Normal Day,Scattered Showe
2566/09/11,9921.0,1869.0,Normal Day,Monday,Normal Day,Partly Clooudy
2566/09/12,10402.0,2090.0,Normal Day,Tuesday,Normal Day,Mostly Cloudy
2566/09/13,7351.0,1456.0,Normal Day,Wednesday,Normal Day,Mostly Sunny
2566/09/14,6488.0,1415.0,Normal Day,Thursday,Normal Day,Partly Clooudy
2566/09/15,3673.0,786.0,Holiday,Friday,Chinese Ghost Festival,Mostly Sunny
2566/09/16,9902.0,2113.0,Holiday,Saturday,Normal Day,Partly Clooudy
2566/09/17,10562.0,2084.0,Holiday,Sunday,Normal Day,Mostly Sunny
2566/09/18,7700.0,1713.0,Normal Day,Monday,Normal Day,Scattered Showe
2566/09/19,8178.0,1653.0,Normal Day,Tuesday,Normal Day,Mostly Sunny
2566/09/20,7819.0,1594.0,Normal Day,Wednesday,Normal Day,Mostly Sunny
2566/09/21,4798.0,984.0,Normal Day,Thursday,Normal Day,Mostly Sunny
2566/09/22,6485.0,1404.0,Normal Day,Friday,Normal Day,Mostly Sunny
2566/09/23,10562.0,2084.0,Holiday,Saturday,Normal Day,Mostly Sunny
2566/09/24,10562.0,2084.0,Holiday,Sunday,Normal Day,Partly Clooudy
2566/09/25,8890.0,1785.0,Normal Day,Monday,Normal Day,Mostly Sunny
2566/09/26,4610.0,953.0,Normal Day,Tuesday,Normal Day,Mostly Sunny
2566/09/27,5502.0,1310.0,Normal Day,Wednesday,Normal Day,Scattered Showe
2566/09/28,7585.0,1628.0,Normal Day,Thursday,Normal Day,Mostly Sunny
2566/09/29,10310.0,2264.0,Normal Day,Friday,Normal Day,Mostly Sunny
2566/09/30,8760.0,1847.0,Holiday,Saturday,Normal Day,Mostly Sunny
2566/10/01,10562.0,2084.0,Holiday,Sunday,Vegetarian Festival,Mostly Sunny
2566/10/02,8313.0,1787.0,Normal Day,Monday,Normal Day,Mostly Sunny
2566/10/03,7234.0,1520.0,Normal Day,Tuesday,Normal Day,Scattered Showe
2566/10/04,7161.0,1617.0,Normal Day,Wednesday,Normal Day,Partly Clooudy
2566/10/05,6425.0,1507.0,Normal Day,Thursday,Normal Day,Mostly Cloudy
2566/10/06,10562.0,2084.0,Normal Day,Friday,Normal Day,Scattered Showe
2566/10/07,10562.0,2084.0,Holiday,Saturday,Normal Day,Mostly Sunny
2566/10/08,10562.0,2084.0,Holiday,Sunday,Normal Day,Mostly Sunny
2566/10/09,10562.0,2084.0,Normal Day,Monday,Normal Day,Mostly Sunny
2566/10/10,7253.0,1641.0,Normal Day,Tuesday,Normal Day,Scattered Showe
2566/10/11,6114.0,1463.0,Normal Day,Wednesday,Close of Semester,Mostly Sunny
2566/10/12,4805.0,1016.0,Normal Day,Thursday,Normal Day,Mostly Sunny
2566/10/13,7414.0,1384.0,Normal Day,Friday,Normal Day,Mostly Sunny
2566/10/14,10562.0,2084.0,Holiday,Saturday,Normal Day,Mostly Sunny
2566/10/15,10562.0,2084.0,Holiday,Sunday,Normal Day,Mostly Sunny
2566/10/16,7087.0,1607.0,Normal Day,Monday,Normal Day,Partly Clooudy
2566/10/17,8005.0,1715.0,Normal Day,Tuesday,Normal Day,Mostly Sunny
2566/10/18,10755.0,2342.0,Normal Day,Wednesday,Normal Day,Partly Clooudy
2566/10/19,6642.0,1527.0,Normal Day,Thursday,Normal Day,Mostly Sunny
2566/10/20,4077.0,882.0,Normal Day,Friday,Normal Day,Mostly Sunny
2566/10/21,10562.0,2084.0,Holiday,Saturday,Normal Day,Scattered Showe
2566/10/22,10562.0,2084.0,Holiday,Sunday,Normal Day,Mostly Sunny
2566/10/23,8863.0,1852.0,Normal Day,Monday,Normal Day,Partly Clooudy
2566/10/24,11096.0,2410.0,Normal Day,Tuesday,Normal Day,Mostly Sunny
2566/10/25,7694.0,1474.0,Normal Day,Wednesday,Normal Day,Mostly Sunny
2566/10/26,8662.0,1843.0,Normal Day,Thursday,Normal Day,Mostly Sunny
2566/10/27,4413.0,910.0,Normal Day,Friday,Normal Day,Partly Clooudy
2566/10/28,10562.0,2084.0,Holiday,Saturday,Normal Day,Mostly Sunny
2566/10/29,10562.0,2084.0,Holiday,Sunday,Normal Day,Mostly Sunny
2566/10/30,19806.0,3625.0,Normal Day,Monday,Normal Day,Mostly Sunny
2566/10/31,23775.0,4418.0,Normal Day,Tuesday,EndClose of Semester,Mostly Sunny
2566/11/01,18077.0,3695.0,Normal Day,Wednesday,Full Moon Day,Mostly Sunny
2566/11/02,16423.0,3008.0,Normal Day,Thursday,Full Moon Day,Mostly Sunny
2566/11/03,13474.0,2218.0,Normal Day,Friday,Normal Day,Mostly Sunny
2566/11/04,9475.0,1623.0,Holiday,Saturday,Normal Day,Partly Clooudy
2566/11/05,10562.0,2084.0,Holiday,Sunday,Normal Day,Mostly Sunny
2566/11/06,13695.0,2085.0,Normal Day,Monday,Normal Day,Mostly Sunny
2566/11/07,7553.0,1770.0,Normal Day,Tuesday,Normal Day,Partly Clooudy
2566/11/08,10084.0,1972.0,Normal Day,Wednesday,Normal Day,Partly Clooudy
2566/11/09,7388.0,1543.0,Normal Day,Thursday,Normal Day,Mostly Sunny
2566/11/10,11653.0,1969.0,Normal Day,Friday,Normal Day,Mostly Sunny
2566/11/11,9751.0,1918.0,Holiday,Saturday,Normal Day,Mostly Sunny
2566/11/12,10562.0,2084.0,Holiday,Sunday,Normal Day,Mostly Sunny
2566/11/13,10788.0,2097.0,Normal Day,Monday,Normal Day,Mostly Sunny
2566/11/14,14672.0,2317.0,Normal Day,Tuesday,Normal Day,Mostly Sunny
2566/11/15,7433.0,1568.0,Holiday,Wednesday,End of Buddhist Lent,Mostly Sunny
2566/11/16,11042.0,2276.0,Normal Day,Thursday,Normal Day,Mostly Sunny
2566/11/17,11276.0,1935.0,Normal Day,Friday,Normal Day,Mostly Sunny
2566/11/18,12743.0,2391.0,Holiday,Saturday,Normal Day,Mostly Sunny
2566/11/19,10562.0,2084.0,Holiday,Sunday,Normal Day,Mostly Sunny
2566/11/20,14783.0,3075.0,Normal Day,Monday,Normal Day,Mostly Sunny
2566/11/21,10773.0,2131.0,Normal Day,Tuesday,Normal Day,Mostly Sunny
2566/11/22,8064.0,1334.0,Normal Day,Wednesday,Normal Day,Mostly Sunny
2566/11/23,11136.0,2230.0,Normal Day,Thursday,Normal Day,Mostly Sunny
2566/11/24,6593.0,1211.0,Normal Day,Friday,Normal Day,Mostly Sunny
2566/11/25,10562.0,2084.0,Holiday,Saturday,Normal Day,Mostly Sunny
2566/11/26,10562.0,2084.0,Holiday,Sunday,Normal Day,Mostly Sunny
2566/11/27,9431.0,2233.0,Normal Day,Monday,Normal Day,Mostly Sunny
2566/11/28,10562.0,2084.0,Normal Day,Tuesday,Normal Day,Mostly Sunny
2566/11/29,8662.0,1667.0,Normal Day,Wednesday,Normal Day,Mostly Sunny
2566/11/30,9857.0,1863.0,Normal Day,Thursday,Normal Day,Mostly Sunny
2566/12/01,12133.0,2544.0,Normal Day,Friday,Normal Day,Mostly Sunny
2566/12/02,11654.0,2081.0,Holiday,Saturday,Normal Day,Mostly Sunny
2566/12/03,10562.0,2084.0,Holiday,Sunday,Normal Day,Mostly Sunny
2566/12/04,12432.0,2230.0,Normal Day,Monday,Normal Day,Mostly Sunny
2566/12/05,8762.0,1583.0,Holiday,Tuesday,Father's Day,Mostly Sunny
2566/12/06,11652.0,2285.0,Normal Day,Wednesday,Normal Day,Mostly Sunny
2566/12/07,7842.0,1443.0,Normal Day,Thursday,Normal Day,Mostly Sunny
2566/12/08,8674.0,1428.0,Normal Day,Friday,Normal Day,Mostly Sunny
2566/12/09,10542.0,1635.0,Holiday,Saturday,Normal Day,Mostly Sunny
2566/12/10,10562.0,2084.0,Holiday,Sunday,Constitution Day,Mostly Sunny
2566/12/11,10562.0,2084.0,Normal Day,Monday,Normal Day,Mostly Sunny
2566/12/12,13287.0,2551.0,Normal Day,Tuesday,Normal Day,Mostly Sunny
2566/12/13,9797.0,2132.0,Normal Day,Wednesday,Normal Day,Mostly Sunny
2566/12/14,6058.0,1319.0,Normal Day,Thursday,Normal Day,Mostly Sunny
2566/12/15,9668.0,2027.0,Holiday,Friday,Loy Krathong,Mostly Sunny
2566/12/16,4463.0,1293.0,Holiday,Saturday,Normal Day,Mostly Sunny
2566/12/17,10562.0,2084.0,Holiday,Sunday,Normal Day,Mostly Sunny
2566/12/18,10562.0,2084.0,Normal Day,Monday,Normal Day,Mostly Sunny
2566/12/19,10426.0,2126.0,Normal Day,Tuesday,Normal Day,Mostly Sunny
2566/12/20,14785.0,3370.0,Normal Day,Wednesday,Normal Day,Mostly Sunny
2566/12/21,7754.0,1376.0,Normal Day,Thursday,Normal Day,Mostly Sunny
2566/12/22,11747.0,2429.0,Normal Day,Friday,Normal Day,Mostly Sunny
2566/12/23,10562.0,2084.0,Holiday,Saturday,Normal Day,Mostly Sunny
2566/12/24,10562.0,2084.0,Holiday,Sunday,Normal Day,Mostly Sunny
2566/12/25,15768.0,3292.0,Normal Day,Monday,Normal Day,Mostly Sunny
2566/12/26,14478.0,3396.0,Normal Day,Tuesday,Normal Day,Mostly Sunny
2566/12/27,15067.0,3212.0,Normal Day,Wednesday,Normal Day,Mostly Sunny
2566/12/28,17684.0,3518.0,Normal Day,Thursday,Normal Day,Mostly Sunny
2566/12/29,12763.0,2232.0,Normal Day,Friday,Normal Day,Mostly Sunny
2566/12/30,10210.0,2169.0,Holiday,Saturday,Normal Day,Mostly Sunny
2566/12/31,10562.0,2084.0,Holiday,Sunday,Normal Day,Mostly Sunny
2567/01/01,10562.0,2084.0,Holiday,Monday,New Year's Day,Mostly Sunny
2567/01/02,6600.0,1344.0,Normal Day,Tuesday,Normal Day,Mostly Sunny
2567/01/03,10562.0,2084.0,Normal Day,Wednesday,Normal Day,Mostly Sunny
2567/01/04,6415.0,1367.0,Normal Day,Thursday,Normal Day,Mostly Sunny
2567/01/05,9865.0,2214.0,Normal Day,Friday,Normal Day,Mostly Sunny
2567/01/06,7267.0,1464.0,Holiday,Saturday,Normal Day,Mostly Sunny
2567/01/07,10562.0,2084.0,Holiday,Sunday,Normal Day,Mostly Sunny
2567/01/08,12562.0,3560.0,Normal Day,Monday,Normal Day,Mostly Sunny
2567/01/09,10683.0,2931.0,Normal Day,Tuesday,Normal Day,Mostly Sunny
2567/01/10,9674.0,2456.0,Normal Day,Wednesday,Normal Day,Mostly Sunny
2567/01/11,8431.0,1768.0,Normal Day,Thursday,Normal Day,Partly Clooudy
2567/01/12,8897.0,2507.0,Normal Day,Friday,Normal Day,Partly Clooudy
2567/01/13,10562.0,2084.0,Holiday,Saturday,Normal Day,Mostly Sunny
2567/01/14,10562.0,2084.0,Holiday,Sunday,Normal Day,Mostly Sunny
2567/01/15,10923.0,2516.0,Normal Day,Monday,Normal Day,Mostly Sunny
2567/01/16,9971.0,2652.0,Normal Day,Tuesday,Normal Day,Mostly Sunny
2567/01/17,4023.0,993.0,Normal Day,Wednesday,Normal Day,Mostly Sunny
2567/01/18,10562.0,2084.0,Normal Day,Thursday,Normal Day,Mostly Sunny
2567/01/19,10562.0,2084.0,Normal Day,Friday,Normal Day,Mostly Sunny
2567/01/20,10562.0,2084.0,Holiday,Saturday,Normal Day,Mostly Sunny
2567/01/21,10562.0,2084.0,Holiday,Sunday,Normal Day,Mostly Sunny
2567/01/22,8873.0,1948.0,Normal Day,Monday,Normal Day,Mostly Sunny
2567/01/23,7642.0,1472.0,Normal Day,Tuesday,Normal Day,Mostly Sunny
2567/01/24,4866.0,1280.0,Normal Day,Wednesday,Normal Day,Mostly Sunny
2567/01/25,6698.0,1529.0,Normal Day,Thursday,Normal Day,Mostly Sunny
2567/01/26,5462.0,1390.0,Normal Day,Friday,Normal Day,Mostly Sunny
2567/01/27,10562.0,2084.0,Holiday,Saturday,Normal Day,Mostly Sunny
2567/01/28,9215.0,1928.0,Holiday,Sunday,Normal Day,Mostly Sunny
2567/01/29,10562.0,2084.0,Normal Day,Monday,Normal Day,Mostly Sunny
2567/01/30,11374.0,2635.0,Normal Day,Tuesday,Normal Day,Mostly Sunny
2567/01/31,10102.0,2682.0,Normal Day,Wednesday,Normal Day,Mostly Sunny
